[{"model": "auth.permission", "pk": 1, "fields": {"name": "Can add log entry", "content_type": 1, "codename": "add_logentry"}}, {"model": "auth.permission", "pk": 2, "fields": {"name": "Can change log entry", "content_type": 1, "codename": "change_logentry"}}, {"model": "auth.permission", "pk": 3, "fields": {"name": "Can delete log entry", "content_type": 1, "codename": "delete_logentry"}}, {"model": "auth.permission", "pk": 4, "fields": {"name": "Can view log entry", "content_type": 1, "codename": "view_logentry"}}, {"model": "auth.permission", "pk": 5, "fields": {"name": "Can add permission", "content_type": 2, "codename": "add_permission"}}, {"model": "auth.permission", "pk": 6, "fields": {"name": "Can change permission", "content_type": 2, "codename": "change_permission"}}, {"model": "auth.permission", "pk": 7, "fields": {"name": "Can delete permission", "content_type": 2, "codename": "delete_permission"}}, {"model": "auth.permission", "pk": 8, "fields": {"name": "Can view permission", "content_type": 2, "codename": "view_permission"}}, {"model": "auth.permission", "pk": 9, "fields": {"name": "Can add group", "content_type": 3, "codename": "add_group"}}, {"model": "auth.permission", "pk": 10, "fields": {"name": "Can change group", "content_type": 3, "codename": "change_group"}}, {"model": "auth.permission", "pk": 11, "fields": {"name": "Can delete group", "content_type": 3, "codename": "delete_group"}}, {"model": "auth.permission", "pk": 12, "fields": {"name": "Can view group", "content_type": 3, "codename": "view_group"}}, {"model": "auth.permission", "pk": 13, "fields": {"name": "Can add user", "content_type": 4, "codename": "add_user"}}, {"model": "auth.permission", "pk": 14, "fields": {"name": "Can change user", "content_type": 4, "codename": "change_user"}}, {"model": "auth.permission", "pk": 15, "fields": {"name": "Can delete user", "content_type": 4, "codename": "delete_user"}}, {"model": "auth.permission", "pk": 16, "fields": {"name": "Can view user", "content_type": 4, "codename": "view_user"}}, {"model": "auth.permission", "pk": 17, "fields": {"name": "Can add content type", "content_type": 5, "codename": "add_contenttype"}}, {"model": "auth.permission", "pk": 18, "fields": {"name": "Can change content type", "content_type": 5, "codename": "change_contenttype"}}, {"model": "auth.permission", "pk": 19, "fields": {"name": "Can delete content type", "content_type": 5, "codename": "delete_contenttype"}}, {"model": "auth.permission", "pk": 20, "fields": {"name": "Can view content type", "content_type": 5, "codename": "view_contenttype"}}, {"model": "auth.permission", "pk": 21, "fields": {"name": "Can add session", "content_type": 6, "codename": "add_session"}}, {"model": "auth.permission", "pk": 22, "fields": {"name": "Can change session", "content_type": 6, "codename": "change_session"}}, {"model": "auth.permission", "pk": 23, "fields": {"name": "Can delete session", "content_type": 6, "codename": "delete_session"}}, {"model": "auth.permission", "pk": 24, "fields": {"name": "Can view session", "content_type": 6, "codename": "view_session"}}, {"model": "auth.permission", "pk": 25, "fields": {"name": "Can add assessment year", "content_type": 7, "codename": "add_assessmentyear"}}, {"model": "auth.permission", "pk": 26, "fields": {"name": "Can change assessment year", "content_type": 7, "codename": "change_assessmentyear"}}, {"model": "auth.permission", "pk": 27, "fields": {"name": "Can delete assessment year", "content_type": 7, "codename": "delete_assessmentyear"}}, {"model": "auth.permission", "pk": 28, "fields": {"name": "Can view assessment year", "content_type": 7, "codename": "view_assessmentyear"}}, {"model": "auth.permission", "pk": 29, "fields": {"name": "Can add document type", "content_type": 8, "codename": "add_documenttype"}}, {"model": "auth.permission", "pk": 30, "fields": {"name": "Can change document type", "content_type": 8, "codename": "change_documenttype"}}, {"model": "auth.permission", "pk": 31, "fields": {"name": "Can delete document type", "content_type": 8, "codename": "delete_documenttype"}}, {"model": "auth.permission", "pk": 32, "fields": {"name": "Can view document type", "content_type": 8, "codename": "view_documenttype"}}, {"model": "auth.permission", "pk": 33, "fields": {"name": "Can add membership type", "content_type": 9, "codename": "add_membershiptype"}}, {"model": "auth.permission", "pk": 34, "fields": {"name": "Can change membership type", "content_type": 9, "codename": "change_membershiptype"}}, {"model": "auth.permission", "pk": 35, "fields": {"name": "Can delete membership type", "content_type": 9, "codename": "delete_membershiptype"}}, {"model": "auth.permission", "pk": 36, "fields": {"name": "Can view membership type", "content_type": 9, "codename": "view_membershiptype"}}, {"model": "auth.permission", "pk": 37, "fields": {"name": "Can add organisation", "content_type": 10, "codename": "add_organisation"}}, {"model": "auth.permission", "pk": 38, "fields": {"name": "Can change organisation", "content_type": 10, "codename": "change_organisation"}}, {"model": "auth.permission", "pk": 39, "fields": {"name": "Can delete organisation", "content_type": 10, "codename": "delete_organisation"}}, {"model": "auth.permission", "pk": 40, "fields": {"name": "Can view organisation", "content_type": 10, "codename": "view_organisation"}}, {"model": "auth.permission", "pk": 41, "fields": {"name": "Can add member", "content_type": 11, "codename": "add_member"}}, {"model": "auth.permission", "pk": 42, "fields": {"name": "Can change member", "content_type": 11, "codename": "change_member"}}, {"model": "auth.permission", "pk": 43, "fields": {"name": "Can delete member", "content_type": 11, "codename": "delete_member"}}, {"model": "auth.permission", "pk": 44, "fields": {"name": "Can view member", "content_type": 11, "codename": "view_member"}}, {"model": "auth.permission", "pk": 45, "fields": {"name": "Can add member document", "content_type": 12, "codename": "add_memberdocument"}}, {"model": "auth.permission", "pk": 46, "fields": {"name": "Can change member document", "content_type": 12, "codename": "change_memberdocument"}}, {"model": "auth.permission", "pk": 47, "fields": {"name": "Can delete member document", "content_type": 12, "codename": "delete_memberdocument"}}, {"model": "auth.permission", "pk": 48, "fields": {"name": "Can view member document", "content_type": 12, "codename": "view_memberdocument"}}, {"model": "auth.permission", "pk": 49, "fields": {"name": "Can add user profile", "content_type": 13, "codename": "add_userprofile"}}, {"model": "auth.permission", "pk": 50, "fields": {"name": "Can change user profile", "content_type": 13, "codename": "change_userprofile"}}, {"model": "auth.permission", "pk": 51, "fields": {"name": "Can delete user profile", "content_type": 13, "codename": "delete_userprofile"}}, {"model": "auth.permission", "pk": 52, "fields": {"name": "Can view user profile", "content_type": 13, "codename": "view_userprofile"}}, {"model": "auth.permission", "pk": 53, "fields": {"name": "Can add fee master", "content_type": 14, "codename": "add_feemaster"}}, {"model": "auth.permission", "pk": 54, "fields": {"name": "Can change fee master", "content_type": 14, "codename": "change_feemaster"}}, {"model": "auth.permission", "pk": 55, "fields": {"name": "Can delete fee master", "content_type": 14, "codename": "delete_feemaster"}}, {"model": "auth.permission", "pk": 56, "fields": {"name": "Can view fee master", "content_type": 14, "codename": "view_feemaster"}}, {"model": "auth.permission", "pk": 57, "fields": {"name": "Can add payment mode", "content_type": 15, "codename": "add_paymentmode"}}, {"model": "auth.permission", "pk": 58, "fields": {"name": "Can change payment mode", "content_type": 15, "codename": "change_paymentmode"}}, {"model": "auth.permission", "pk": 59, "fields": {"name": "Can delete payment mode", "content_type": 15, "codename": "delete_paymentmode"}}, {"model": "auth.permission", "pk": 60, "fields": {"name": "Can view payment mode", "content_type": 15, "codename": "view_paymentmode"}}, {"model": "auth.permission", "pk": 61, "fields": {"name": "Can add receipt", "content_type": 16, "codename": "add_receipt"}}, {"model": "auth.permission", "pk": 62, "fields": {"name": "Can change receipt", "content_type": 16, "codename": "change_receipt"}}, {"model": "auth.permission", "pk": 63, "fields": {"name": "Can delete receipt", "content_type": 16, "codename": "delete_receipt"}}, {"model": "auth.permission", "pk": 64, "fields": {"name": "Can view receipt", "content_type": 16, "codename": "view_receipt"}}, {"model": "auth.permission", "pk": 65, "fields": {"name": "Can add receipt detail", "content_type": 17, "codename": "add_receiptdetail"}}, {"model": "auth.permission", "pk": 66, "fields": {"name": "Can change receipt detail", "content_type": 17, "codename": "change_receiptdetail"}}, {"model": "auth.permission", "pk": 67, "fields": {"name": "Can delete receipt detail", "content_type": 17, "codename": "delete_receiptdetail"}}, {"model": "auth.permission", "pk": 68, "fields": {"name": "Can view receipt detail", "content_type": 17, "codename": "view_receiptdetail"}}, {"model": "auth.permission", "pk": 69, "fields": {"name": "Can add member renewal", "content_type": 18, "codename": "add_memberrenewal"}}, {"model": "auth.permission", "pk": 70, "fields": {"name": "Can change member renewal", "content_type": 18, "codename": "change_memberrenewal"}}, {"model": "auth.permission", "pk": 71, "fields": {"name": "Can delete member renewal", "content_type": 18, "codename": "delete_memberrenewal"}}, {"model": "auth.permission", "pk": 72, "fields": {"name": "Can view member renewal", "content_type": 18, "codename": "view_memberrenewal"}}, {"model": "auth.permission", "pk": 73, "fields": {"name": "Can add ledger", "content_type": 19, "codename": "add_ledger"}}, {"model": "auth.permission", "pk": 74, "fields": {"name": "Can change ledger", "content_type": 19, "codename": "change_ledger"}}, {"model": "auth.permission", "pk": 75, "fields": {"name": "Can delete ledger", "content_type": 19, "codename": "delete_ledger"}}, {"model": "auth.permission", "pk": 76, "fields": {"name": "Can view ledger", "content_type": 19, "codename": "view_ledger"}}, {"model": "auth.permission", "pk": 77, "fields": {"name": "Can add Account Group", "content_type": 20, "codename": "add_accountgroup"}}, {"model": "auth.permission", "pk": 78, "fields": {"name": "Can change Account Group", "content_type": 20, "codename": "change_accountgroup"}}, {"model": "auth.permission", "pk": 79, "fields": {"name": "Can delete Account Group", "content_type": 20, "codename": "delete_accountgroup"}}, {"model": "auth.permission", "pk": 80, "fields": {"name": "Can view Account Group", "content_type": 20, "codename": "view_accountgroup"}}, {"model": "auth.permission", "pk": 81, "fields": {"name": "Can add voucher", "content_type": 21, "codename": "add_voucher"}}, {"model": "auth.permission", "pk": 82, "fields": {"name": "Can change voucher", "content_type": 21, "codename": "change_voucher"}}, {"model": "auth.permission", "pk": 83, "fields": {"name": "Can delete voucher", "content_type": 21, "codename": "delete_voucher"}}, {"model": "auth.permission", "pk": 84, "fields": {"name": "Can view voucher", "content_type": 21, "codename": "view_voucher"}}, {"model": "auth.permission", "pk": 85, "fields": {"name": "Can add voucher entry", "content_type": 22, "codename": "add_voucherentry"}}, {"model": "auth.permission", "pk": 86, "fields": {"name": "Can change voucher entry", "content_type": 22, "codename": "change_voucherentry"}}, {"model": "auth.permission", "pk": 87, "fields": {"name": "Can delete voucher entry", "content_type": 22, "codename": "delete_voucherentry"}}, {"model": "auth.permission", "pk": 88, "fields": {"name": "Can view voucher entry", "content_type": 22, "codename": "view_voucherentry"}}, {"model": "auth.user", "pk": 1, "fields": {"password": "pbkdf2_sha256$1000000$AECI28gpXVemI830ibuwNw$S5KXb1WLLHc8R3wRlOW4ARu2GbuTEtIGeHsmeILf4OA=", "last_login": "2026-07-22T13:21:59.646Z", "is_superuser": true, "username": "admin", "first_name": "", "last_name": "", "email": "nandiappalam@gmail.com", "is_staff": true, "is_active": true, "date_joined": "2026-07-17T11:21:30.791Z", "groups": [], "user_permissions": []}}, {"model": "contenttypes.contenttype", "pk": 1, "fields": {"app_label": "admin", "model": "logentry"}}, {"model": "contenttypes.contenttype", "pk": 2, "fields": {"app_label": "auth", "model": "permission"}}, {"model": "contenttypes.contenttype", "pk": 3, "fields": {"app_label": "auth", "model": "group"}}, {"model": "contenttypes.contenttype", "pk": 4, "fields": {"app_label": "auth", "model": "user"}}, {"model": "contenttypes.contenttype", "pk": 5, "fields": {"app_label": "contenttypes", "model": "contenttype"}}, {"model": "contenttypes.contenttype", "pk": 6, "fields": {"app_label": "sessions", "model": "session"}}, {"model": "contenttypes.contenttype", "pk": 7, "fields": {"app_label": "membership", "model": "assessmentyear"}}, {"model": "contenttypes.contenttype", "pk": 8, "fields": {"app_label": "membership", "model": "documenttype"}}, {"model": "contenttypes.contenttype", "pk": 9, "fields": {"app_label": "membership", "model": "membershiptype"}}, {"model": "contenttypes.contenttype", "pk": 10, "fields": {"app_label": "membership", "model": "organisation"}}, {"model": "contenttypes.contenttype", "pk": 11, "fields": {"app_label": "membership", "model": "member"}}, {"model": "contenttypes.contenttype", "pk": 12, "fields": {"app_label": "membership", "model": "memberdocument"}}, {"model": "contenttypes.contenttype", "pk": 13, "fields": {"app_label": "membership", "model": "userprofile"}}, {"model": "contenttypes.contenttype", "pk": 14, "fields": {"app_label": "membership", "model": "feemaster"}}, {"model": "contenttypes.contenttype", "pk": 15, "fields": {"app_label": "membership", "model": "paymentmode"}}, {"model": "contenttypes.contenttype", "pk": 16, "fields": {"app_label": "membership", "model": "receipt"}}, {"model": "contenttypes.contenttype", "pk": 17, "fields": {"app_label": "membership", "model": "receiptdetail"}}, {"model": "contenttypes.contenttype", "pk": 18, "fields": {"app_label": "membership", "model": "memberrenewal"}}, {"model": "contenttypes.contenttype", "pk": 19, "fields": {"app_label": "membership", "model": "ledger"}}, {"model": "contenttypes.contenttype", "pk": 20, "fields": {"app_label": "membership", "model": "accountgroup"}}, {"model": "contenttypes.contenttype", "pk": 21, "fields": {"app_label": "membership", "model": "voucher"}}, {"model": "contenttypes.contenttype", "pk": 22, "fields": {"app_label": "membership", "model": "voucherentry"}}, {"model": "sessions.session", "pk": "sks7ss9p2sz47yw7c6wa2hqzcxnpr43j", "fields": {"session_data": ".eJxVjMsOwiAQRf-FtSG8OoBL934DYRiQqoGktCvjv2uTLnR7zzn3xULc1hq2kZcwEzszyU6_G8b0yG0HdI_t1nnqbV1m5LvCDzr4tVN-Xg7376DGUb-1tUpTitKCSN5RAW_BFYpTQU8SwHjSygNJl4vSKHKyWk3ZoABnBRr2_gDdqDeN:1wmWtb:gwhejlJObpLD5TjKFrr1Jxs0GNokIa8qWvUAF0QI_x4", "expire_date": "2026-08-05T13:21:59.687Z"}}, {"model": "membership.organisation", "pk": 1, "fields": {"organisation_name": "Tamilnadu Appalam Vadagam Morvathal Association", "short_name": "AVM Sangam", "address": "4 A,Anupanadi Coss Road,\r\nChinthamani,\r\nMadurai-625009", "district": "Madurai", "state": "Tamilnadu", "country": "India", "mobile": "9842693420", "email": "vvats@gmail.com", "website": "", "pan_no": "", "gst_no": "", "registration_no": "", "logo": "organisation/logo/logo_1.png", "is_active": false, "created_at": "2026-07-17T11:24:03.421Z"}}, {"model": "membership.assessmentyear", "pk": 1, "fields": {"organisation": 1, "start_year": 2026, "end_year": 2027, "is_active": true, "created_at": "2026-07-18T06:48:22.694Z"}}, {"model": "membership.membershiptype", "pk": 2, "fields": {"name": "Annual", "type": "ANNUAL", "fee": "1500.00", "description": "Test\r\n", "is_active": true}}, {"model": "membership.membershiptype", "pk": 4, "fields": {"name": "LifeTime", "type": "LIFETIME", "fee": "15000.00", "description": "lilfetime  member", "is_active": true}}, {"model": "membership.member", "pk": 1, "fields": {"member_no": 1, "membership_no": "2026-001", "joining_date": "2026-07-01", "membership_valid_upto": "2027-03-31", "organisation": 1, "assessment_year": 1, "membership_type": 2, "status": "ACTIVE", "owner_name": "SHANMUGAMOORTHY  ", "company_name": "A.S.Moorthy & Co", "brand_name": "ASM Appalam", "photo": "members/photos/ASV_photo.JPG", "company_logo": "members/logo/ASM_APPALAM_Tamil_.pdf", "mobile": "9965332908", "whatsapp": "9842693420", "email": "nandiappalam@gmail.com", "website": "www.asmoorthy.com", "address": "60 H-2, Palani Arumuga Nagar, \r\nChinthamani,\r\nMadurai.", "district": "Madurai", "state": "Tamilnadu", "pincode": "625009", "latitude": null, "longitude": null, "qr_code": "members/qrcode/2026-001_lNIkd4S.png", "gst_no": "33CEYPS5094C1ZI", "fssai_no": "136025588", "udyam_no": "5156+22", "factory_license_no": "235659", "do_license_no": "44989562", "trade_license_no": "459956", "fire_noc_no": "", "pollution_no": "", "remarks": "Test", "created_at": "2026-07-18T06:48:22.782Z", "updated_at": "2026-07-21T09:39:57.078Z"}}, {"model": "membership.member", "pk": 2, "fields": {"member_no": 2, "membership_no": "2026-002", "joining_date": "2026-07-04", "membership_valid_upto": "2027-03-31", "organisation": 1, "assessment_year": 1, "membership_type": 2, "status": "ACTIVE", "owner_name": "Chandru", "company_name": "BVC Exports Pvt Ltd", "brand_name": "BVC", "photo": "members/photos/asm_1.jpeg", "company_logo": "members/logo/logo_7.png", "mobile": "9894909973", "whatsapp": "9894909973", "email": "chefchinnu@gmail.com", "website": "", "address": "137/7B, Palani Arumuga Nagar, \r\nChinthamani,", "district": "Madurai", "state": "Tamilnadu", "pincode": "625009", "latitude": null, "longitude": null, "qr_code": "members/qrcode/2026-002_S318pBo.png", "gst_no": "33AAGCB3051R1ZI", "fssai_no": "1645+626+56+", "udyam_no": "56526", "factory_license_no": "6565332", "do_license_no": "626595623", "trade_license_no": "6526595", "fire_noc_no": "", "pollution_no": "", "remarks": "Test", "created_at": "2026-07-20T10:19:32.901Z", "updated_at": "2026-07-21T09:40:20.158Z"}}, {"model": "membership.member", "pk": 3, "fields": {"member_no": 3, "membership_no": "2026-003", "joining_date": "2026-07-20", "membership_valid_upto": "2027-03-31", "organisation": 1, "assessment_year": 1, "membership_type": 2, "status": "ACTIVE", "owner_name": "bala", "company_name": "SKV Traders", "brand_name": "Padma", "photo": "members/photos/A.poo_5.jpeg", "company_logo": "", "mobile": "986554904", "whatsapp": "9865549094", "email": "asbalavi@gmail.com", "website": "", "address": "2/23, Anna Street,\r\nChinthamani\r\n", "district": "Madurai", "state": "Tamilnadu", "pincode": "625009", "latitude": null, "longitude": null, "qr_code": "members/qrcode/2026-003_5Vvc2W7.png", "gst_no": "33AAGCB2091C1ZI", "fssai_no": "589456+5", "udyam_no": "656+56+5", "factory_license_no": "6+56+56+5", "do_license_no": "6+56+56+", "trade_license_no": "6+56+59+", "fire_noc_no": "", "pollution_no": "", "remarks": "Test", "created_at": "2026-07-21T09:36:42.758Z", "updated_at": "2026-07-21T09:40:26.625Z"}}, {"model": "membership.feemaster", "pk": 1, "fields": {"organisation": 1, "fee_name": "Admission Fee", "fee_type": "ADMISSION", "default_amount": "500.00", "description": "", "is_active": true, "created_at": "2026-07-18T09:14:39.039Z"}}, {"model": "membership.feemaster", "pk": 2, "fields": {"organisation": 1, "fee_name": "membership fee", "fee_type": "MEMBERSHIP", "default_amount": "500.00", "description": "", "is_active": true, "created_at": "2026-07-18T09:15:04.676Z"}}, {"model": "membership.feemaster", "pk": 3, "fields": {"organisation": 1, "fee_name": "Processing Fee", "fee_type": "OTHER", "default_amount": "200.00", "description": "", "is_active": true, "created_at": "2026-07-18T09:16:32.871Z"}}, {"model": "membership.feemaster", "pk": 4, "fields": {"organisation": 1, "fee_name": "Welfare Fund", "fee_type": "WELFARE", "default_amount": "300.00", "description": "", "is_active": true, "created_at": "2026-07-18T09:17:42.186Z"}}, {"model": "membership.paymentmode", "pk": 1, "fields": {"organisation": 1, "name": "Cash", "description": "", "is_active": true, "created_at": "2026-07-18T09:37:24.809Z"}}, {"model": "membership.paymentmode", "pk": 2, "fields": {"organisation": 1, "name": "RTGS", "description": "", "is_active": true, "created_at": "2026-07-18T09:38:12.149Z"}}, {"model": "membership.paymentmode", "pk": 3, "fields": {"organisation": 1, "name": " UPI trfr", "description": "", "is_active": true, "created_at": "2026-07-18T09:43:42.132Z"}}, {"model": "membership.paymentmode", "pk": 4, "fields": {"organisation": 1, "name": "Bank Transfer", "description": "", "is_active": true, "created_at": "2026-07-18T09:43:58.331Z"}}, {"model": "membership.paymentmode", "pk": 5, "fields": {"organisation": 1, "name": "NEFT", "description": "", "is_active": true, "created_at": "2026-07-18T09:44:11.808Z"}}, {"model": "membership.paymentmode", "pk": 7, "fields": {"organisation": 1, "name": "Demand Draft", "description": "", "is_active": true, "created_at": "2026-07-18T09:47:33.563Z"}}, {"model": "membership.receipt", "pk": 1, "fields": {"receipt_no": 1, "receipt_date": "2026-07-18", "organisation": 1, "assessment_year": 1, "member": 1, "payment_mode": 1, "reference_no": "", "remarks": "TEST 1", "total_amount": "1500.00", "created_at": "2026-07-18T11:18:28.147Z"}}, {"model": "membership.receiptdetail", "pk": 13, "fields": {"receipt": 1, "fee_master": 1, "amount": "500.00"}}, {"model": "membership.receiptdetail", "pk": 14, "fields": {"receipt": 1, "fee_master": 3, "amount": "200.00"}}, {"model": "membership.receiptdetail", "pk": 15, "fields": {"receipt": 1, "fee_master": 4, "amount": "300.00"}}, {"model": "membership.receiptdetail", "pk": 16, "fields": {"receipt": 1, "fee_master": 2, "amount": "500.00"}}, {"model": "membership.accountgroup", "pk": 1, "fields": {"name": "Assets", "parent": null, "nature": "ASSET", "display_order": 1, "is_system": true, "is_active": true, "created_at": "2026-07-20T12:40:54.200Z", "updated_at": "2026-07-20T12:40:54.200Z", "code_prefix": null}}, {"model": "membership.accountgroup", "pk": 2, "fields": {"name": "Liabilities", "parent": null, "nature": "LIABILITY", "display_order": 2, "is_system": true, "is_active": true, "created_at": "2026-07-20T12:41:00.798Z", "updated_at": "2026-07-20T12:41:00.798Z", "code_prefix": null}}, {"model": "membership.accountgroup", "pk": 3, "fields": {"name": "Income", "parent": null, "nature": "INCOME", "display_order": 3, "is_system": true, "is_active": true, "created_at": "2026-07-20T12:41:11.946Z", "updated_at": "2026-07-20T12:41:11.946Z", "code_prefix": null}}, {"model": "membership.accountgroup", "pk": 4, "fields": {"name": "Expenses", "parent": null, "nature": "EXPENSE", "display_order": 4, "is_system": true, "is_active": true, "created_at": "2026-07-20T12:41:18.684Z", "updated_at": "2026-07-20T12:41:18.684Z", "code_prefix": null}}, {"model": "membership.accountgroup", "pk": 5, "fields": {"name": "Current Assets", "parent": 1, "nature": "ASSET", "display_order": 10, "is_system": false, "is_active": true, "created_at": "2026-07-20T12:44:25.418Z", "updated_at": "2026-07-20T12:44:25.418Z", "code_prefix": null}}, {"model": "membership.accountgroup", "pk": 6, "fields": {"name": "Fixed Assets", "parent": 1, "nature": "ASSET", "display_order": 11, "is_system": false, "is_active": true, "created_at": "2026-07-20T12:44:35.147Z", "updated_at": "2026-07-20T12:44:35.147Z", "code_prefix": null}}, {"model": "membership.accountgroup", "pk": 7, "fields": {"name": "Current Liabilities", "parent": 2, "nature": "LIABILITY", "display_order": 20, "is_system": false, "is_active": true, "created_at": "2026-07-20T12:44:50.320Z", "updated_at": "2026-07-20T12:44:50.320Z", "code_prefix": null}}, {"model": "membership.accountgroup", "pk": 8, "fields": {"name": "Membership Income", "parent": 3, "nature": "INCOME", "display_order": 30, "is_system": false, "is_active": true, "created_at": "2026-07-20T12:45:09.927Z", "updated_at": "2026-07-20T12:45:09.927Z", "code_prefix": null}}, {"model": "membership.accountgroup", "pk": 9, "fields": {"name": "Other Income", "parent": 3, "nature": "INCOME", "display_order": 31, "is_system": false, "is_active": true, "created_at": "2026-07-20T12:45:17.938Z", "updated_at": "2026-07-20T12:45:17.938Z", "code_prefix": null}}, {"model": "membership.accountgroup", "pk": 10, "fields": {"name": "Office Expenses", "parent": 4, "nature": "EXPENSE", "display_order": 40, "is_system": false, "is_active": true, "created_at": "2026-07-20T12:45:30.546Z", "updated_at": "2026-07-20T12:45:30.546Z", "code_prefix": null}}, {"model": "membership.accountgroup", "pk": 11, "fields": {"name": "Salary Expenses", "parent": 4, "nature": "EXPENSE", "display_order": 41, "is_system": false, "is_active": true, "created_at": "2026-07-20T12:45:37.314Z", "updated_at": "2026-07-20T12:45:37.314Z", "code_prefix": null}}, {"model": "membership.accountgroup", "pk": 12, "fields": {"name": "Electricity Expenses", "parent": 4, "nature": "EXPENSE", "display_order": 42, "is_system": false, "is_active": true, "created_at": "2026-07-20T12:45:43.022Z", "updated_at": "2026-07-20T12:45:43.022Z", "code_prefix": null}}, {"model": "membership.ledger", "pk": 5, "fields": {"ledger_code": "L0001", "ledger_name": "Cash", "group": 5, "opening_balance": "0.00", "opening_type": "DEBIT", "remarks": "", "is_system": false, "is_active": true, "created_at": "2026-07-21T09:02:47.687Z", "updated_at": "2026-07-21T15:26:42.219Z"}}, {"model": "membership.ledger", "pk": 6, "fields": {"ledger_code": "L0002", "ledger_name": "Bank", "group": 5, "opening_balance": "0.00", "opening_type": "DEBIT", "remarks": "", "is_system": false, "is_active": true, "created_at": "2026-07-21T09:02:47.687Z", "updated_at": "2026-07-21T15:26:42.556Z"}}, {"model": "membership.ledger", "pk": 7, "fields": {"ledger_code": "1001", "ledger_name": "A.S.Moorthy & Co", "group": 5, "opening_balance": "0.00", "opening_type": "DEBIT", "remarks": "Auto Created for Member : 2026-001", "is_system": false, "is_active": true, "created_at": "2026-07-21T09:39:57.348Z", "updated_at": "2026-07-21T09:39:57.348Z"}}, {"model": "membership.ledger", "pk": 8, "fields": {"ledger_code": "1002", "ledger_name": "Bvc Exports Pvt Ltd", "group": 5, "opening_balance": "0.00", "opening_type": "DEBIT", "remarks": "Auto Created for Member : 2026-002", "is_system": false, "is_active": true, "created_at": "2026-07-21T09:40:20.338Z", "updated_at": "2026-07-21T09:40:20.338Z"}}, {"model": "membership.ledger", "pk": 9, "fields": {"ledger_code": "1003", "ledger_name": "Skv Traders", "group": 5, "opening_balance": "0.00", "opening_type": "DEBIT", "remarks": "Auto Created for Member : 2026-003", "is_system": false, "is_active": true, "created_at": "2026-07-21T09:40:26.820Z", "updated_at": "2026-07-21T09:40:26.821Z"}}, {"model": "membership.voucher", "pk": 1, "fields": {"voucher_no": "RV000001", "voucher_type": "RV", "voucher_date": "2026-07-21", "narration": "", "reference_no": "", "status": "CANCELLED", "created_by": 1, "created_at": "2026-07-21T15:04:09.548Z", "updated_at": "2026-07-22T08:26:07.482Z"}}, {"model": "membership.voucher", "pk": 2, "fields": {"voucher_no": "RV000002", "voucher_type": "RV", "voucher_date": "2026-07-21", "narration": "test 1", "reference_no": "1254", "status": "ACTIVE", "created_by": 1, "created_at": "2026-07-21T15:52:09.848Z", "updated_at": "2026-07-22T05:35:51.843Z"}}, {"model": "membership.voucher", "pk": 3, "fields": {"voucher_no": "PV000001", "voucher_type": "PV", "voucher_date": "2026-07-22", "narration": "office expence", "reference_no": "test ", "status": "ACTIVE", "created_by": 1, "created_at": "2026-07-22T09:40:42.854Z", "updated_at": "2026-07-22T09:40:57.834Z"}}, {"model": "membership.voucherentry", "pk": 9, "fields": {"voucher": 2, "ledger": 7, "debit": "0.00", "credit": "1000.00", "narration": "", "entry_type": "Dr"}}, {"model": "membership.voucherentry", "pk": 10, "fields": {"voucher": 2, "ledger": 5, "debit": "1000.00", "credit": "0.00", "narration": "", "entry_type": "Dr"}}, {"model": "membership.voucherentry", "pk": 13, "fields": {"voucher": 3, "ledger": 8, "debit": "1500.00", "credit": "0.00", "narration": "", "entry_type": "Dr"}}, {"model": "membership.voucherentry", "pk": 14, "fields": {"voucher": 3, "ledger": 5, "debit": "0.00", "credit": "1500.00", "narration": "", "entry_type": "Dr"}}]
